ACC-1669,I0079934
W-BB-3443,I0079935
W-GS-4386,I0079936
W-GS-4385,I0079937
W-GS-4384,I0079938
W-GS-4383,I0079939
W-GS-4382,I0079940
W-GS-4381,I0079941
W-GS-4380,I0079942
W-GS-4379,I0079943
W-GS-4378,I0079944
W-GS-4377,I0079945
W-GS-4376,I0079946
W-GS-4375,I0079947
W-GS-4387,I0079948
W-9557,I0079949
W-9556,I0079950
W-T-3111,I0079951
U-SC-5361,I0079952
W-GS-4389,I0079953
W-GS-4388,I0079954
ACC-1670,I0079955
W-T-3128,I0079956
W-T-3127,I0079957
W-T-3126,I0079958
W-T-3125,I0079959
W-T-3124,I0079960
W-T-3123,I0079961
W-T-3122,I0079962
W-T-3121,I0079963
W-T-3120,I0079964
W-T-3119,I0079965
W-T-3118,I0079966
W-T-3117,I0079967
W-T-3116,I0079968
W-T-3115,I0079969
W-T-3114,I0079970
W-T-3113,I0079971
W-T-3112,I0079972
W-T-3130,I0079973
W-T-3129,I0079974
U-SC-5362,I0079975
W-SC-4429,I0079976
W-SC-4428,I0079977
W-SC-4435,I0079978
W-SC-4434,I0079979
U-SC-5366,I0079980
M-SC-1294,I0079981
U-SC-5365,I0079982
W-SC-4433,I0079983
W-SC-4432,I0079984
W-SC-4431,I0079985
U-SC-5364,I0079986
U-SC-5363,I0079987
W-SC-4430,I0079989
U-SC-5367,I0079990
U-SC-5391,I0079991
U-SC-5390,I0079992
U-SC-5389,I0079993
W-SC-4443,I0079994
U-SC-5388,I0079995
U-SC-5387,I0079996
W-SC-4442,I0079997
U-SC-5386,I0079998
U-SC-5385,I0079999
U-SC-5384,I0080000
M-SC-1295,I0080001
U-SC-5383,I0080002
U-SC-5382,I0080003
U-SC-5381,I0080004
U-SC-5380,I0080005
U-SC-5379,I0080006
U-SC-5378,I0080007
U-SC-5377,I0080008
U-SC-5376,I0080009
U-SC-5375,I0080010
W-SC-4441,I0080011
W-SC-4440,I0080012
W-SC-4439,I0080013
W-SC-4438,I0080014
W-SC-4437,I0080015
W-SC-4436,I0080016
U-SC-5374,I0080017
U-SC-5373,I0080018
U-SC-5372,I0080019
U-SC-5371,I0080020
U-SC-5370,I0080021
U-SC-5369,I0080022
U-SC-5368,I0080023
W-SC-4444,I0080024
U-SC-5395,I0080025
U-SC-5394,I0080026
U-SC-5393,I0080027
U-SC-5392,I0080028
W-SC-4453,I0080029
W-SC-4452,I0080030
W-SC-4451,I0080031
W-SC-4450,I0080032
W-SC-4449,I0080033
W-SC-4448,I0080034
W-SC-4447,I0080035
W-SC-4446,I0080036
W-SC-4445,I0080037
U-SC-5399,I0080038
U-SC-5398,I0080039
U-SC-5397,I0080040
U-SC-5396,I0080041
K-SC-1086,I0080042
W-9566,I0080043
W-9565,I0080044
W-9564,I0080045
W-9563,I0080046
W-9562,I0080047
W-9561,I0080048
W-9560,I0080049
W-9559,I0080050
W-9558,I0080051
U-4990,I0080052
W-9575,I0080053
M-5557,I0080054
M-5556,I0080055
W-9574,I0080056
M-5555,I0080057
W-9573,I0080058
W-9572,I0080059
W-9571,I0080060
M-5554,I0080061
W-9570,I0080062
W-9569,I0080063
W-9568,I0080064
W-9567,I0080065
M-5582,I0080066
M-5581,I0080067
M-5580,I0080068
W-9617,I0080069
M-5579,I0080070
W-9616,I0080071
W-9615,I0080072
W-9614,I0080073
M-5578,I0080074
M-5577,I0080075
M-5576,I0080076
M-5575,I0080077
M-5574,I0080078
M-5573,I0080079
W-9613,I0080080
W-9612,I0080081
K-4323,I0080082
M-5572,I0080083
W-9611,I0080084
W-9610,I0080085
M-5571,I0080086
W-9609,I0080087
M-5570,I0080088
W-9608,I0080089
M-5569,I0080090
W-9607,I0080091
W-9606,I0080092
W-9605,I0080093
W-9604,I0080094
M-5568,I0080095
W-9603,I0080096
W-9602,I0080097
M-5567,I0080098
W-9601,I0080099
W-9600,I0080100
M-5566,I0080101
W-9599,I0080102
W-9598,I0080103
W-9597,I0080104
W-9596,I0080105
W-9595,I0080106
W-9594,I0080107
W-9593,I0080108
M-5565,I0080109
M-5564,I0080110
W-9592,I0080111
M-5563,I0080112
W-9591,I0080113
W-9590,I0080114
W-9589,I0080115
M-5562,I0080116
W-9588,I0080117
K-4322,I0080118
M-5561,I0080119
U-4991,I0080120
W-9587,I0080121
W-9586,I0080122
W-9585,I0080123
W-9584,I0080124
K-4321,I0080125
W-9583,I0080126
W-9582,I0080127
W-9581,I0080128
M-5560,I0080129
W-9580,I0080130
M-5559,I0080131
M-5558,I0080132
K-4320,I0080133
K-4319,I0080134
W-9579,I0080135
W-9578,I0080136
W-9577,I0080137
W-9576,I0080138
W-9620,I0080139
W-9619,I0080140
W-9618,I0080141
W-9624,I0080142
W-9623,I0080143
W-9622,I0080144
W-9621,I0080145
M-5586,I0080146
M-5585,I0080147
M-5584,I0080148
M-5583,I0080149
PET-1018,I0080150
W-M-1760,I0080151
W-M-1759,I0080152
W-M-1758,I0080153
M-M-1348,I0080154
W-M-1757,I0080155
M-M-1347,I0080156
W-M-1756,I0080157
W-M-1755,I0080158
W-M-1761,I0080159
U-HC-13077,I0080160
U-HC-13076,I0080161
U-HC-13075,I0080162
U-HC-13074,I0080163
U-HC-13073,I0080164
U-HC-13072,I0080165
U-HC-13071,I0080166
U-HC-13070,I0080167
U-HC-13079,I0080168
U-HC-13078,I0080169
U-HC-13116,I0080170
U-HC-13115,I0080171
U-HC-13114,I0080172
U-HC-13113,I0080173
U-HC-13112,I0080174
U-HC-13111,I0080175
U-HC-13110,I0080176
U-HC-13109,I0080177
U-HC-13108,I0080178
U-HC-13107,I0080179
U-HC-13106,I0080180
U-HC-13105,I0080181
U-HC-13104,I0080182
U-HC-13103,I0080183
U-HC-13102,I0080184
U-HC-13101,I0080185
U-HC-13100,I0080186
U-HC-13051,I0080187
U-HC-13050,I0080188
U-HC-13049,I0080189
U-HC-13048,I0080190
M-HC-1480,I0080191
U-HC-13047,I0080192
U-HC-13046,I0080193
U-HC-13069,I0080194
U-HC-13068,I0080195
U-HC-13067,I0080196
U-HC-13066,I0080197
U-HC-13065,I0080198
U-HC-13064,I0080199
U-HC-13063,I0080200
U-HC-13062,I0080201
U-HC-13061,I0080202
U-HC-13060,I0080203
U-HC-13059,I0080204
U-HC-13058,I0080205
U-HC-13057,I0080206
U-HC-13056,I0080207
U-HC-13055,I0080208
U-HC-13054,I0080209
U-HC-13053,I0080210
U-HC-13052,I0080211
U-HC-13080,I0080212
M-HC-1481,I0080213
W-HC-1472,I0080214
W-HC-1471,I0080215
U-HC-13099,I0080216
U-HC-13098,I0080217
U-HC-13097,I0080218
U-HC-13096,I0080219
U-HC-13095,I0080220
U-HC-13094,I0080221
U-HC-13093,I0080222
U-HC-13092,I0080223
U-HC-13091,I0080224
U-HC-13090,I0080225
U-HC-13089,I0080226
U-HC-13088,I0080227
U-HC-13087,I0080228
U-HC-13086,I0080229
U-HC-13085,I0080230
U-HC-13084,I0080231
U-HC-13083,I0080232
U-HC-13082,I0080233
U-HC-13081,I0080234
M-GS-3280,I0080237
M-GS-3279,I0080238
M-GS-3278,I0080239
W-GS-4402,I0080240
W-GS-4401,I0080241
W-GS-4400,I0080242
M-GS-3277,I0080243
M-GS-3276,I0080244
M-GS-3275,I0080245
W-GS-4399,I0080246
M-GS-3274,I0080247
W-GS-4398,I0080248
W-GS-4397,I0080249
W-GS-4396,I0080250
M-GS-3273,I0080251
M-GS-3272,I0080252
W-GS-4395,I0080253
W-GS-4394,I0080254
M-GS-3271,I0080255
W-GS-4393,I0080256
M-GS-3270,I0080257
W-GS-4392,I0080258
M-GS-3269,I0080259
M-GS-3268,I0080260
W-GS-4391,I0080261
W-GS-4390,I0080262
M-GS-3293,I0080263
W-GS-4411,I0080264
W-GS-4410,I0080265
W-GS-4409,I0080266
W-GS-4408,I0080267
W-GS-4407,I0080268
M-GS-3292,I0080269
M-GS-3291,I0080270
M-GS-3290,I0080271
M-GS-3289,I0080272
K-GS-2099,I0080273
M-GS-3288,I0080274
M-GS-3287,I0080275
K-GS-2098,I0080276
K-GS-2097,I0080277
M-GS-3286,I0080278
K-GS-2096,I0080279
K-GS-2095,I0080280
K-GS-2094,I0080281
W-GS-4406,I0080282
K-GS-2093,I0080283
M-GS-3285,I0080284
K-GS-2092,I0080285
K-GS-2091,I0080286
K-GS-2090,I0080287
M-GS-3284,I0080288
K-GS-2089,I0080289
K-GS-2088,I0080290
K-GS-2087,I0080291
K-GS-2086,I0080292
M-GS-3283,I0080293
K-GS-2085,I0080294
K-GS-2084,I0080295
K-GS-2083,I0080296
M-GS-3282,I0080297
M-GS-3281,I0080298
W-GS-4405,I0080299
W-GS-4404,I0080300
K-GS-2082,I0080301
W-GS-4403,I0080302
W-GS-4415,I0080303
W-GS-4414,I0080304
W-GS-4413,I0080305
W-GS-4412,I0080306
M-GS-3294,I0080307
W-C-16023,I0080308
W-C-16022,I0080309
W-C-16021,I0080310
W-C-16020,I0080311
W-C-16019,I0080312
W-C-16018,I0080313
W-C-16017,I0080314
W-C-16016,I0080315
W-C-16015,I0080316
W-C-16014,I0080317
W-C-16013,I0080318
W-C-16012,I0080319
W-C-16011,I0080320
W-C-16010,I0080321
W-C-16009,I0080322
W-C-16008,I0080323
W-C-16050,I0080324
W-C-16039,I0080335
W-C-16038,I0080336
W-C-16037,I0080337
W-C-16036,I0080338
W-C-16035,I0080339
W-C-16034,I0080340
W-C-16033,I0080341
W-C-16032,I0080342
W-C-16031,I0080343
W-C-16030,I0080344
W-C-16029,I0080345
W-C-16028,I0080346
W-C-16025,I0080349
W-C-16024,I0080350
W-C-16069,I0080351
W-C-16068,I0080352
W-C-16067,I0080353
W-C-16066,I0080354
W-C-16065,I0080355
W-C-16064,I0080356
W-C-16063,I0080357
W-C-16062,I0080358
W-C-16061,I0080359
W-C-16060,I0080360
W-C-16059,I0080361
W-C-16058,I0080362
W-C-16057,I0080363
W-C-16056,I0080364
W-C-16055,I0080365
W-C-16054,I0080366
W-C-16053,I0080367
W-C-16052,I0080368
W-C-16051,I0080369
W-C-16087,I0080370
W-C-16086,I0080371
W-C-16085,I0080372
W-C-16084,I0080373
W-C-16083,I0080374
W-C-16082,I0080375
W-C-16081,I0080376
W-C-16080,I0080377
W-C-16079,I0080378
W-C-16078,I0080379
W-C-16077,I0080380
W-C-16076,I0080381
W-C-16075,I0080382
W-C-16074,I0080383
W-C-16073,I0080384
W-C-16072,I0080385
W-C-16071,I0080386
W-C-16070,I0080387
U-C-1277,I0080388
C-91801,I0080389
W-BB-3445,I0080390
W-BB-3444,I0080391
U-BB-2975,I0080392
M-BB-3060,I0080393
U-BB-2974,I0080394
U-BB-2973,I0080395
U-BB-2972,I0080396
U-BB-2971,I0080397
M-BB-3059,I0080398
U-BB-2970,I0080399
U-BB-2969,I0080400
U-BB-2968,I0080401
U-BB-2967,I0080402
M-BB-3061,I0080403
U-BB-2977,I0080404
W-BB-3446,I0080405
U-BB-2976,I0080406
M-BB-3064,I0080407
W-BB-3451,I0080408
W-BB-3450,I0080409
W-BB-3449,I0080410
M-BB-3063,I0080411
M-BB-3062,I0080412
W-BB-3448,I0080413
W-BB-3447,I0080414
W-BB-3452,I0080415
W-BB-3456,I0080416
W-BB-3455,I0080417
W-BB-3454,I0080418
W-BB-3453,I0080419
U-BB-2986,I0080420
U-BB-2985,I0080421
U-BB-2984,I0080422
U-BB-2983,I0080423
U-BB-2982,I0080424
U-BB-2981,I0080425
U-BB-2980,I0080426
U-BB-2979,I0080427
U-BB-2978,I0080428
M-BB-3070,I0080429
M-BB-3069,I0080430
M-BB-3068,I0080431
M-BB-3067,I0080432
M-BB-3066,I0080433
M-BB-3065,I0080434
W-BG-1277,I0080435
U-HC-13119,I0080436
U-HC-13118,I0080437
U-HC-13117,I0080438
U-HC-13120,I0080439
U-BB-2990,I0080440
U-BB-2989,I0080441
U-BB-2988,I0080442
U-BB-2987,I0080443
C-91814,I0080444
C-91813,I0080445
C-91812,I0080446
C-91811,I0080447
C-91810,I0080448
C-91809,I0080449
C-91808,I0080450
C-91807,I0080451
C-91806,I0080452
C-91805,I0080453
C-91804,I0080454
C-91803,I0080455
C-91802,I0080456
W-C-16103,I0080457
W-C-16102,I0080458
W-C-16101,I0080459
W-C-16100,I0080460
W-C-16099,I0080461
W-C-16098,I0080462
W-C-16097,I0080463
W-C-16096,I0080464
W-C-16095,I0080465
W-C-16094,I0080466
W-C-16093,I0080467
W-C-16092,I0080468
W-C-16091,I0080469
W-C-16090,I0080470
W-C-16089,I0080471
W-C-16088,I0080472
W-GS-4416,I0080473
W-GS-4417,I0080474
W-GS-4418,I0080475
M-GS-3295,I0080476
W-HC-1479,I0080477
W-HC-1478,I0080478
W-HC-1477,I0080479
W-HC-1476,I0080480
W-HC-1475,I0080481
W-HC-1474,I0080482
W-HC-1473,I0080483
W-9632,I0080484
W-9631,I0080485
W-9630,I0080486
W-9629,I0080487
W-9628,I0080488
W-9627,I0080489
W-9626,I0080490
W-9625,I0080491
U-5007,I0080492
U-5006,I0080493
U-5005,I0080494
U-5004,I0080495
U-5003,I0080496
U-5002,I0080497
U-5001,I0080498
U-5000,I0080499
U-4999,I0080500
U-4998,I0080501
U-4997,I0080502
U-4996,I0080503
U-4995,I0080504
U-4994,I0080505
U-4993,I0080506
U-4992,I0080507
M-5588,I0080508
M-5587,I0080509
W-SC-4464,I0080510
W-SC-4463,I0080511
W-SC-4462,I0080512
W-SC-4461,I0080513
W-SC-4460,I0080514
W-SC-4459,I0080515
W-SC-4458,I0080516
W-SC-4457,I0080517
W-SC-4456,I0080518
W-SC-4455,I0080519
W-SC-4454,I0080520
U-SC-5400,I0080521
W-BB-3457,I0080522
ACC-1671,I0080523
U-HC-13199,I0080524
U-HC-13198,I0080525
U-HC-13197,I0080526
U-HC-13196,I0080527
U-HC-13195,I0080528
U-HC-13194,I0080529
U-HC-13193,I0080530
U-HC-13192,I0080531
U-HC-13191,I0080532
U-HC-13190,I0080533
U-HC-13179,I0080534
U-HC-13178,I0080535
U-HC-13177,I0080536
U-HC-13176,I0080537
U-HC-13175,I0080538
U-HC-13174,I0080539
U-HC-13173,I0080540
U-HC-13172,I0080541
U-HC-13171,I0080542
U-HC-13170,I0080543
U-HC-13159,I0080544
U-HC-13158,I0080545
U-HC-13157,I0080546
U-HC-13156,I0080547
U-HC-13155,I0080548
U-HC-13154,I0080549
U-HC-13153,I0080550
U-HC-13152,I0080551
U-HC-13151,I0080552
U-HC-13150,I0080553
U-HC-13139,I0080554
U-HC-13138,I0080555
U-HC-13137,I0080556
U-HC-13136,I0080557
U-HC-13135,I0080558
U-HC-13134,I0080559
U-HC-13133,I0080560
U-HC-13132,I0080561
U-HC-13131,I0080562
U-HC-13130,I0080563
U-HC-13212,I0080564
U-HC-13206,I0080565
U-HC-13205,I0080566
U-HC-13204,I0080567
U-HC-13203,I0080568
U-HC-13202,I0080569
U-HC-13201,I0080570
U-HC-13200,I0080571
U-HC-13189,I0080572
U-HC-13188,I0080573
U-HC-13187,I0080574
U-HC-13186,I0080575
U-HC-13185,I0080576
U-HC-13184,I0080577
U-HC-13183,I0080578
U-HC-13182,I0080579
U-HC-13181,I0080580
U-HC-13180,I0080581
U-HC-13169,I0080582
U-HC-13168,I0080583
U-HC-13167,I0080584
U-HC-13166,I0080585
U-HC-13165,I0080586
U-HC-13164,I0080587
U-HC-13163,I0080588
U-HC-13162,I0080589
U-HC-13161,I0080590
U-HC-13160,I0080591
U-HC-13149,I0080592
U-HC-13148,I0080593
U-HC-13147,I0080594
U-HC-13146,I0080595
U-HC-13145,I0080596
U-HC-13144,I0080597
U-HC-13143,I0080598
U-HC-13142,I0080599
U-HC-13141,I0080600
U-HC-13140,I0080601
U-HC-13129,I0080602
U-HC-13128,I0080603
U-HC-13127,I0080604
U-HC-13126,I0080605
U-HC-13125,I0080606
U-HC-13124,I0080607
U-HC-13123,I0080608
U-HC-13122,I0080609
U-HC-13121,I0080610
M-HC-1484,I0080611
M-HC-1483,I0080612
M-HC-1482,I0080613
U-HC-13211,I0080614
U-HC-13210,I0080615
U-HC-13209,I0080616
U-HC-13208,I0080617
U-HC-13207,I0080618
W-C-16115,I0080619
W-C-16114,I0080620
W-C-16113,I0080621
W-C-16112,I0080622
W-C-16111,I0080623
W-C-16110,I0080624
W-C-16109,I0080625
W-C-16108,I0080626
W-C-16107,I0080627
W-C-16106,I0080628
W-C-16105,I0080629
W-C-16104,I0080630
W-C-16117,I0080631
W-C-16116,I0080632
M-BB-3071,I0080633
U-HC-13213,I0080634
U-HC-13215,I0080635
U-HC-13222,I0080636
W-C-16118,I0080637
W-C-16119,I0080638
W-C-16120,I0080639
W-C-16123,I0080640
W-C-16131,I0080641
W-C-16121,I0080642
W-C-16122,I0080643
W-C-16124,I0080644
W-C-16125,I0080645
W-C-16129,I0080646
W-C-16130,I0080647
W-C-16126,I0080648
W-C-16127,I0080649
W-C-16132,I0080650
W-C-16133,I0080651
U-HC-13223,I0080652
U-HC-13225,I0080653
U-HC-13226,I0080654
U-HC-13227,I0080655
W-C-16128,I0080656
U-HC-13221,I0080657
U-HC-13220,I0080658
U-HC-13224,I0080659
U-SC-5406,I0080660
U-SC-5408,I0080661
W-SC-4478,I0080662
W-SC-4479,I0080663
W-9633,I0080664
W-M-1762,I0080665
U-SC-5401,I0080666
U-HC-13216,I0080667
U-SC-5402,I0080668
U-SC-5403,I0080669
U-SC-5404,I0080670
U-SC-5405,I0080671
U-SC-5407,I0080672
W-BB-3458,I0080673
W-HC-1480,I0080674
W-SC-4466,I0080675
W-SC-4467,I0080676
W-SC-4468,I0080677
W-SC-4469,I0080678
W-SC-4470,I0080679
W-SC-4471,I0080680
W-SC-4472,I0080681
W-SC-4475,I0080682
W-SC-4476,I0080683
W-SC-4477,I0080684
W-SC-4480,I0080685
M-HC-1485,I0080686
U-HC-13214,I0080687
U-HC-13217,I0080688
U-HC-13218,I0080689
U-HC-13219,I0080690
W-SC-4465,I0080691
U-BB-2991,I0080692
U-BB-2992,I0080693
W-SC-4473,I0080694
W-SC-4474,I0080695
U-HC-13228,I0080696
U-HC-13237,I0080697
U-HC-13236,I0080698
U-HC-13235,I0080699
U-HC-13234,I0080700
U-HC-13233,I0080701
U-HC-13232,I0080702
U-HC-13231,I0080703
U-HC-13230,I0080704
U-HC-13229,I0080705
W-C-16142,I0080706
W-C-16140,I0080707
W-C-16139,I0080708
W-C-16138,I0080709
W-C-16137,I0080710
W-C-16136,I0080711
W-C-16135,I0080712
W-C-16134,I0080713
W-T-3131,I0080714
W-SC-4486,I0080715
W-SC-4483,I0080716
W-SC-4482,I0080717
W-SC-4481,I0080718
U-SC-5411,I0080719
U-SC-5410,I0080720
U-SC-5409,I0080721
M-SC-1299,I0080722
M-SC-1298,I0080723
M-SC-1297,I0080724
M-SC-1296,I0080725
W-SC-4485,I0080726
W-SC-4484,I0080727
U-SC-5430,I0080728
U-SC-5429,I0080729
U-SC-5428,I0080730
U-SC-5427,I0080731
U-SC-5426,I0080732
U-SC-5425,I0080733
U-SC-5424,I0080734
U-SC-5423,I0080735
U-SC-5422,I0080736
U-SC-5421,I0080737
U-SC-5420,I0080738
U-SC-5419,I0080739
U-SC-5418,I0080740
U-SC-5417,I0080741
U-SC-5416,I0080742
U-SC-5415,I0080743
U-SC-5414,I0080744
U-SC-5413,I0080745
U-SC-5412,I0080746
W-9635,I0080747
W-9634,I0080748
M-5590,I0080749
M-5589,I0080750
W-9637,I0080751
W-9636,I0080752
M-5591,I0080753
W-HC-1482,I0080754
W-HC-1481,I0080755
M-GS-3296,I0080756
W-BB-3462,I0080757
W-BB-3461,I0080758
W-BB-3460,I0080759
W-BB-3459,I0080760
U-BB-2993,I0080761
M-5592,I0080762
M-5593,I0080763
M-5594,I0080764
M-5595,I0080765
M-5596,I0080766
M-5597,I0080767
M-BB-3072,I0080768
M-BB-3073,I0080769
M-BB-3074,I0080770
M-BB-3075,I0080771
M-BB-3076,I0080772
M-GS-3297,I0080773
M-GS-3298,I0080774
M-GS-3299,I0080775
M-GS-3300,I0080776
M-GS-3301,I0080777
M-HC-1486,I0080778
M-M-1349,I0080779
U-SC-5431,I0080780
U-SC-5432,I0080781
W-9638,I0080782
W-9639,I0080783
W-9640,I0080784
W-9641,I0080785
W-9642,I0080786
W-9643,I0080787
W-9644,I0080788
W-9645,I0080789
W-9646,I0080790
W-9647,I0080791
W-9648,I0080792
W-9649,I0080793
W-9650,I0080794
W-9651,I0080795
W-9652,I0080796
W-9653,I0080797
W-BB-3463,I0080798
W-BB-3464,I0080799
W-BB-3465,I0080800
W-C-16143,I0080801
W-C-16144,I0080802
W-C-16145,I0080803
W-C-16146,I0080804
W-C-16147,I0080805
W-C-16148,I0080806
W-C-16149,I0080807
W-C-16150,I0080808
W-C-16151,I0080809
W-GS-4419,I0080810
W-GS-4420,I0080811
W-GS-4421,I0080812
W-GS-4422,I0080813
W-GS-4423,I0080814
W-GS-4424,I0080815
W-M-1763,I0080816
U-HC-13248,I0080817
U-HC-13247,I0080818
U-HC-13246,I0080819
U-HC-13245,I0080820
U-HC-13244,I0080821
U-HC-13243,I0080822
U-HC-13242,I0080823
U-HC-13241,I0080824
U-HC-13240,I0080825
U-HC-13239,I0080826
U-HC-13238,I0080827
W-C-16163,I0080828
W-C-16162,I0080829
W-C-16161,I0080830
W-C-16160,I0080831
W-C-16159,I0080832
W-C-16158,I0080833
W-C-16157,I0080834
W-C-16156,I0080835
W-C-16155,I0080836
W-C-16154,I0080837
W-C-16153,I0080838
W-C-16152,I0080839
W-U-1886,I0080840
W-T-3143,I0080841
W-T-3142,I0080842
W-T-3141,I0080843
W-T-3140,I0080844
W-T-3139,I0080845
W-T-3138,I0080846
W-T-3137,I0080847
W-T-3136,I0080848
W-T-3135,I0080849
W-T-3134,I0080850
W-T-3133,I0080851
W-T-3132,I0080852
M-T-2412,I0080853
M-T-2411,I0080854
M-T-2410,I0080855
M-T-2409,I0080856
U-SC-5438,I0080857
U-SC-5437,I0080858
U-SC-5436,I0080859
U-SC-5435,I0080860
U-SC-5434,I0080861
U-SC-5433,I0080862
U-SC-5443,I0080863
U-SC-5442,I0080864
U-SC-5441,I0080865
U-SC-5440,I0080866
U-SC-5439,I0080867
W-9656,I0080868
W-9655,I0080869
W-9654,I0080870
U-5008,I0080871
M-5600,I0080872
M-5599,I0080873
M-5598,I0080874
W-M-1764,I0080875
W-GS-4425,I0080876
C-91817,I0080877
C-91816,I0080878
C-91815,I0080879
W-C-16174,I0080880
W-C-16173,I0080881
W-C-16172,I0080882
W-C-16362,I0080883
W-SC-4509,I0080884
W-SC-4508,I0080885
W-SC-4507,I0080886
U-SC-5451,I0080887
W-U-1888,I0080888
W-U-1887,I0080889
W-9676,I0080890
W-9658,I0080891
W-9657,I0080892
M-5602,I0080893
M-5601,I0080894
W-9675,I0080895
W-9674,I0080896
W-9673,I0080897
W-9672,I0080898
W-9671,I0080899
W-9670,I0080900
W-9669,I0080901
W-9668,I0080902
W-9667,I0080903
W-9666,I0080904
W-9665,I0080905
W-9664,I0080906
W-9662,I0080907
W-9661,I0080908
W-9660,I0080909
W-9659,I0080910
U-5011,I0080911
U-5009,I0080912
M-5610,I0080913
M-5609,I0080914
M-5608,I0080915
M-5607,I0080916
M-5606,I0080917
M-5605,I0080918
M-5604,I0080919
M-5603,I0080920
W-C-16463,I0080921
W-C-16349,I0080922
W-C-16348,I0080923
W-C-16347,I0080924
W-C-16346,I0080925
W-C-16345,I0080926
W-C-16344,I0080927
W-C-16343,I0080928
W-C-16342,I0080929
W-C-16341,I0080930
W-C-16340,I0080931
W-C-16339,I0080932
W-C-16338,I0080933
W-C-16337,I0080934
W-C-16336,I0080935
W-C-16335,I0080936
W-C-16334,I0080937
W-C-16333,I0080938
W-C-16332,I0080939
W-C-16331,I0080940
W-C-16330,I0080941
W-C-16329,I0080942
W-C-16328,I0080943
W-C-16327,I0080944
W-C-16326,I0080945
W-C-16325,I0080946
W-C-16324,I0080947
W-C-16323,I0080948
W-C-16322,I0080949
W-C-16321,I0080950
W-C-16320,I0080951
W-C-16319,I0080952
W-C-16318,I0080953
W-C-16317,I0080954
W-C-16316,I0080955
W-C-16315,I0080956
W-C-16314,I0080957
W-C-16313,I0080958
W-C-16312,I0080959
W-C-16311,I0080960
W-C-16310,I0080961
W-C-16309,I0080962
W-C-16308,I0080963
W-C-16307,I0080964
W-C-16306,I0080965
W-C-16305,I0080966
W-C-16304,I0080967
W-C-16303,I0080968
W-C-16384,I0080969
W-C-16383,I0080970
W-C-16382,I0080971
W-C-16381,I0080972
W-C-16380,I0080973
W-C-16379,I0080974
W-C-16378,I0080975
W-C-16377,I0080976
W-SC-4510,I0080977
W-SC-4499,I0080978
W-SC-4490,I0080979
W-SC-4489,I0080980
W-SC-4488,I0080981
W-SC-4487,I0080982
M-SC-1300,I0080983
W-C-16354,I0080984
W-C-16353,I0080985
W-C-16352,I0080986
W-C-16351,I0080987
W-C-16350,I0080988
W-C-16264,I0080989
W-C-16263,I0080990
W-C-16262,I0080991
W-C-16261,I0080992
W-C-16260,I0080993
W-C-16259,I0080994
W-C-16258,I0080995
W-C-16257,I0080996
W-C-16256,I0080997
W-C-16255,I0080998
W-C-16254,I0080999
W-C-16253,I0081000
W-C-16252,I0081001
W-C-16251,I0081002
W-C-16250,I0081003
W-C-16249,I0081004
W-C-16248,I0081005
W-C-16247,I0081006
W-C-16246,I0081007
W-C-16245,I0081008
W-C-16244,I0081009
W-C-16243,I0081010
W-C-16242,I0081011
W-C-16241,I0081012
W-C-16240,I0081013
W-C-16239,I0081014
W-C-16238,I0081015
W-C-16237,I0081016
W-C-16236,I0081017
W-C-16235,I0081018
W-C-16234,I0081019
W-C-16233,I0081020
W-C-16232,I0081021
W-C-16231,I0081022
W-C-16230,I0081023
W-C-16229,I0081024
W-C-16228,I0081025
W-C-16227,I0081026
W-C-16226,I0081027
W-C-16225,I0081028
W-C-16224,I0081029
W-C-16223,I0081030
W-C-16222,I0081031
W-C-16221,I0081032
W-C-16220,I0081033
W-C-16215,I0081034
W-C-16210,I0081035
W-C-16209,I0081036
W-C-16455,I0081037
W-C-16454,I0081038
U-SC-5450,I0081039
W-C-16164,I0081040
W-C-16453,I0081041
W-C-16452,I0081042
W-C-16451,I0081043
W-C-16450,I0081044
W-C-16449,I0081045
W-C-16448,I0081046
W-C-16447,I0081047
W-C-16446,I0081048
W-C-16445,I0081049
W-C-16444,I0081050
W-C-16443,I0081051
W-C-16442,I0081052
W-C-16441,I0081053
W-C-16440,I0081054
W-C-16439,I0081055
W-C-16438,I0081056
W-C-16437,I0081057
W-C-16436,I0081058
W-C-16435,I0081059
W-C-16434,I0081060
W-C-16433,I0081061
W-C-16432,I0081062
W-C-16431,I0081063
W-C-16430,I0081064
W-C-16429,I0081065
W-C-16428,I0081066
W-C-16427,I0081067
W-C-16426,I0081068
W-C-16425,I0081069
W-C-16424,I0081070
W-C-16423,I0081071
W-C-16422,I0081072
W-C-16421,I0081073
W-C-16420,I0081074
W-C-16419,I0081075
W-C-16418,I0081076
W-C-16417,I0081077
W-C-16416,I0081078
W-C-16415,I0081079
W-C-16414,I0081080
W-C-16413,I0081081
W-C-16412,I0081082
W-C-16411,I0081083
W-C-16410,I0081084
W-C-16409,I0081085
W-C-16408,I0081086
W-C-16407,I0081087
W-C-16406,I0081088
W-C-16405,I0081089
W-C-16404,I0081090
W-C-16403,I0081091
W-C-16402,I0081092
W-C-16401,I0081093
W-C-16400,I0081094
W-C-16389,I0081095
W-C-16388,I0081096
W-C-16387,I0081097
W-C-16386,I0081098
W-C-16385,I0081099
W-C-16370,I0081100
W-C-16369,I0081101
W-C-16368,I0081102
W-C-16367,I0081103
W-C-16366,I0081104
W-C-16365,I0081105
W-C-16364,I0081106
W-C-16363,I0081107
W-C-16399,I0081108
W-C-16398,I0081109
W-C-16397,I0081110
W-C-16396,I0081111
W-C-16395,I0081112
W-C-16394,I0081113
W-C-16393,I0081114
W-C-16392,I0081115
W-C-16391,I0081116
W-C-16390,I0081117
W-C-16361,I0081118
W-C-16360,I0081119
W-C-16359,I0081120
W-C-16358,I0081121
W-C-16357,I0081122
W-C-16356,I0081123
W-C-16355,I0081124
W-C-16177,I0081125
W-C-16176,I0081126
W-C-16168,I0081127
W-C-16167,I0081128
W-C-16166,I0081129
W-C-16165,I0081130
W-C-16373,I0081131
W-C-16372,I0081132
U-HC-13271,I0081133
U-HC-13270,I0081134
U-HC-13269,I0081135
U-HC-13268,I0081136
U-HC-13267,I0081137
U-HC-13266,I0081138
W-C-16302,I0081139
W-C-16301,I0081140
W-C-16300,I0081141
W-C-16299,I0081142
W-C-16298,I0081143
W-C-16297,I0081144
W-C-16296,I0081145
W-C-16295,I0081146
W-C-16294,I0081147
W-C-16293,I0081148
W-C-16292,I0081149
W-C-16291,I0081150
W-C-16290,I0081151
W-C-16289,I0081152
W-C-16288,I0081153
W-C-16287,I0081154
W-C-16286,I0081155
W-C-16285,I0081156
W-C-16284,I0081157
W-C-16283,I0081158
W-C-16282,I0081159
W-C-16281,I0081160
W-C-16280,I0081161
W-C-16279,I0081162
W-C-16278,I0081163
W-C-16277,I0081164
W-C-16276,I0081165
W-C-16275,I0081166
W-C-16274,I0081167
W-C-16273,I0081168
W-C-16272,I0081169
W-C-16271,I0081170
W-C-16270,I0081171
W-C-16269,I0081172
W-C-16268,I0081173
W-C-16267,I0081174
W-C-16266,I0081175
W-C-16265,I0081176
W-C-16208,I0081177
W-C-16207,I0081178
W-C-16206,I0081179
W-C-16205,I0081180
W-C-16204,I0081181
W-C-16203,I0081182
W-C-16202,I0081183
W-C-16201,I0081184
W-C-16200,I0081185
W-C-16199,I0081186
W-C-16198,I0081187
W-C-16197,I0081188
W-C-16196,I0081189
W-C-16195,I0081190
W-C-16194,I0081191
W-C-16193,I0081192
W-C-16192,I0081193
W-C-16191,I0081194
W-C-16190,I0081195
W-C-16189,I0081196
W-C-16188,I0081197
W-C-16187,I0081198
W-C-16186,I0081199
W-C-16185,I0081200
W-C-16184,I0081201
W-C-16183,I0081202
W-C-16182,I0081203
W-C-16181,I0081204
W-C-16180,I0081205
W-C-16179,I0081206
W-C-16178,I0081207
W-C-16376,I0081208
W-C-16375,I0081209
W-C-16462,I0081210
W-C-16461,I0081211
W-C-16460,I0081212
W-C-16459,I0081213
W-C-16458,I0081214
W-C-16457,I0081215
W-C-16456,I0081216
W-SC-4518,I0081217
U-SC-5446,I0081218
W-SC-4517,I0081219
U-SC-5445,I0081220
W-SC-4515,I0081221
U-SC-5447,I0081222
U-SC-5448,I0081223
W-SC-4511,I0081224
W-SC-4506,I0081225
W-SC-4505,I0081226
W-SC-4504,I0081227
W-SC-4503,I0081228
W-SC-4502,I0081229
W-SC-4501,I0081230
W-SC-4500,I0081231
W-SC-4498,I0081232
W-SC-4497,I0081233
W-SC-4496,I0081234
W-SC-4495,I0081235
W-SC-4494,I0081236
W-SC-4493,I0081237
W-SC-4492,I0081238
W-SC-4491,I0081239
U-SC-5444,I0081240
W-SC-4514,I0081241
W-SC-4513,I0081242
W-SC-4512,I0081243
W-SC-4516,I0081244
U-SC-5459,I0081245
U-SC-5458,I0081246
U-SC-5457,I0081247
U-SC-5456,I0081248
U-SC-5455,I0081249
U-SC-5454,I0081250
U-SC-5453,I0081251
U-SC-5452,I0081252
U-SC-5449,I0081253
M-SC-1301,I0081254
U-HC-13258,I0081255
W-BB-3466,I0081256
U-HC-13264,I0081257
U-HC-13263,I0081258
U-HC-13262,I0081259
U-HC-13261,I0081260
U-HC-13260,I0081261
M-HC-1490,I0081262
M-HC-1489,I0081263
U-HC-13265,I0081264
U-HC-13249,I0081265
U-HC-13259,I0081266
U-HC-13257,I0081267
U-HC-13256,I0081268
U-HC-13255,I0081269
U-HC-13254,I0081270
U-HC-13253,I0081271
U-HC-13251,I0081272
U-HC-13250,I0081273
M-HC-1488,I0081274
U-HA-1058,I0081275
U-HA-1057,I0081276
M-HC-1487,I0081277
U-BB-2996,I0081278
U-BB-2995,I0081279
U-BB-2994,I0081280
W-C-16171,I0081281
W-C-16170,I0081282
W-C-16169,I0081283
W-BB-3467,I0081284
U-HC-13276,I0081285
W-T-3146,I0081286
W-T-3147,I0081287
W-T-3145,I0081288
W-T-3144,I0081289
W-9663,I0081290
U-HC-13274,I0081291
U-HC-13272,I0081292
U-HC-13277,I0081293
U-HC-13275,I0081294
U-HC-13273,I0081295
U-HC-13252,I0081296
W-C-16219,I0081297
W-C-16218,I0081298
W-C-16217,I0081299
W-C-16216,I0081300
W-C-16214,I0081301
W-C-16213,I0081302
W-C-16212,I0081303
W-C-16211,I0081304
W-C-16374,I0081305
W-C-16371,I0081306
U-5010,I0081307
W-GS-4426,I0081308
W-C-16685,I0081309
W-C-16718,I0081310
W-C-16719,I0081311
W-C-16720,I0081312
W-C-16721,I0081313
W-C-16722,I0081314
W-C-16723,I0081315
W-C-16566,I0081316
W-C-16567,I0081317
W-C-16568,I0081318
W-C-16464,I0081319
W-C-16465,I0081320
W-C-16466,I0081321
W-C-16467,I0081322
W-C-16468,I0081323
W-C-16638,I0081324
W-C-16639,I0081325
W-C-16640,I0081326
W-C-16641,I0081327
W-C-16642,I0081328
W-C-16643,I0081329
W-C-16724,I0081330
W-C-16569,I0081331
W-C-16570,I0081332
W-C-16571,I0081333
W-C-16572,I0081334
W-C-16573,I0081335
W-C-16469,I0081336
W-C-16470,I0081337
W-C-16471,I0081338
W-C-16472,I0081339
W-C-16473,I0081340
W-C-16690,I0081341
W-C-16691,I0081342
W-C-16692,I0081343
W-C-16693,I0081344
W-C-16694,I0081345
W-C-16574,I0081346
W-C-16575,I0081347
U-HC-13282,I0081348
U-HC-13283,I0081349
U-HC-13284,I0081350
U-HC-13285,I0081351
U-HC-13286,I0081352
U-HC-13287,I0081353
U-HC-13288,I0081354
U-HC-13278,I0081355
U-HC-13279,I0081356
W-C-16474,I0081357
W-C-16475,I0081358
W-C-16476,I0081359
W-C-16477,I0081360
W-C-16478,I0081361
W-C-16727,I0081362
W-C-16576,I0081363
W-C-16479,I0081364
W-C-16480,I0081365
W-C-16644,I0081366
W-C-16481,I0081367
W-C-16577,I0081368
W-C-16578,I0081369
W-C-16482,I0081370
W-C-16483,I0081371
W-C-16484,I0081372
W-C-16485,I0081373
W-C-16486,I0081374
W-C-16487,I0081375
W-C-16658,I0081376
W-C-16665,I0081377
W-C-16666,I0081378
W-C-16672,I0081379
W-C-16488,I0081380
W-C-16489,I0081381
W-C-16490,I0081382
W-C-16491,I0081383
W-C-16492,I0081384
W-C-16493,I0081385
W-C-16494,I0081386
W-C-16495,I0081387
W-C-16496,I0081388
W-C-16497,I0081389
W-C-16498,I0081390
W-C-16645,I0081391
W-C-16646,I0081392
W-C-16649,I0081393
W-C-16650,I0081394
W-C-16653,I0081395
W-C-16654,I0081396
W-C-16655,I0081397
W-C-16656,I0081398
W-C-16657,I0081399
W-C-16705,I0081400
W-C-16707,I0081401
W-C-16725,I0081402
W-C-16579,I0081403
W-C-16580,I0081404
W-C-16581,I0081405
W-C-16582,I0081406
W-C-16583,I0081407
W-C-16584,I0081408
W-C-16585,I0081409
W-C-16586,I0081410
W-C-16587,I0081411
W-C-16588,I0081412
W-C-16589,I0081413
W-C-16590,I0081414
W-C-16591,I0081415
W-C-16592,I0081416
W-C-16593,I0081417
W-C-16594,I0081418
W-C-16595,I0081419
W-C-16596,I0081420
W-C-16597,I0081421
W-C-16598,I0081422
W-C-16599,I0081423
W-C-16600,I0081424
W-C-16499,I0081425
W-C-16500,I0081426
W-C-16501,I0081427
W-C-16502,I0081428
W-C-16503,I0081429
W-C-16504,I0081430
W-C-16505,I0081431
W-C-16506,I0081432
W-C-16507,I0081433
W-C-16508,I0081434
W-C-16509,I0081435
W-C-16667,I0081436
W-C-16695,I0081437
W-C-16696,I0081438
W-C-16697,I0081439
W-C-16698,I0081440
W-C-16699,I0081441
W-C-16700,I0081442
W-C-16706,I0081443
W-C-16601,I0081444
W-C-16602,I0081445
W-C-16603,I0081446
W-C-16604,I0081447
W-C-16605,I0081448
W-C-16606,I0081449
W-C-16607,I0081450
W-C-16608,I0081451
W-C-16609,I0081452
W-C-16610,I0081453
W-C-16611,I0081454
W-C-16510,I0081455
W-C-16511,I0081456
W-C-16512,I0081457
W-C-16513,I0081458
W-C-16514,I0081459
W-C-16515,I0081460
W-C-16516,I0081461
W-C-16517,I0081462
W-C-16612,I0081463
W-C-16613,I0081464
W-C-16614,I0081465
W-C-16615,I0081466
W-C-16647,I0081467
W-C-16648,I0081468
W-C-16616,I0081469
W-C-16617,I0081470
W-C-16618,I0081471
W-C-16619,I0081472
W-C-16620,I0081473
W-C-16621,I0081474
W-C-16622,I0081475
W-C-16623,I0081476
W-C-16624,I0081477
W-C-16625,I0081478
W-C-16626,I0081479
W-C-16627,I0081480
W-C-16628,I0081481
W-C-16629,I0081482
W-C-16630,I0081483
W-C-16518,I0081484
W-C-16519,I0081485
W-C-16520,I0081486
W-C-16521,I0081487
W-C-16522,I0081488
W-C-16523,I0081489
W-C-16524,I0081490
W-C-16525,I0081491
W-C-16526,I0081492
W-C-16527,I0081493
W-C-16528,I0081494
W-C-16529,I0081495
W-C-16530,I0081496
W-C-16531,I0081497
W-C-16532,I0081498
W-C-16533,I0081499
W-C-16534,I0081500
W-C-16535,I0081501
W-C-16536,I0081502
W-C-16537,I0081503
W-C-16538,I0081504
W-C-16539,I0081505
W-C-16540,I0081506
W-C-16541,I0081507
W-C-16542,I0081508
W-C-16543,I0081509
W-C-16544,I0081510
W-C-16545,I0081511
W-C-16546,I0081512
W-C-16547,I0081513
W-C-16548,I0081514
W-C-16549,I0081515
W-C-16550,I0081516
W-C-16551,I0081517
W-C-16552,I0081518
W-C-16553,I0081519
W-C-16554,I0081520
W-C-16555,I0081521
W-C-16556,I0081522
W-C-16557,I0081523
W-C-16558,I0081524
W-C-16559,I0081525
W-C-16560,I0081526
W-C-16561,I0081527
W-C-16562,I0081528
W-C-16651,I0081529
W-C-16652,I0081530
W-C-16659,I0081531
W-C-16660,I0081532
W-C-16661,I0081533
W-C-16662,I0081534
W-C-16663,I0081535
W-C-16664,I0081536
W-C-16668,I0081537
W-C-16669,I0081538
W-C-16670,I0081539
W-C-16671,I0081540
W-C-16674,I0081541
W-C-16675,I0081542
W-C-16676,I0081543
W-C-16677,I0081544
W-C-16678,I0081545
W-C-16679,I0081546
W-C-16680,I0081547
W-C-16681,I0081548
W-C-16682,I0081549
W-C-16683,I0081550
W-C-16684,I0081551
W-C-16708,I0081552
W-C-16709,I0081553
W-C-16710,I0081554
W-C-16711,I0081555
W-C-16712,I0081556
W-C-16713,I0081557
W-C-16714,I0081558
W-C-16715,I0081559
W-C-16716,I0081560
W-C-16717,I0081561
W-C-16728,I0081562
W-C-16729,I0081563
W-C-16730,I0081564
W-C-16686,I0081565
W-C-16687,I0081566
W-C-16688,I0081567
W-C-16689,I0081568
W-C-16703,I0081569
W-C-16704,I0081570
W-C-16563,I0081571
W-C-16564,I0081572
W-C-16565,I0081573
W-C-16673,I0081574
W-C-16701,I0081575
W-C-16702,I0081576
W-C-16726,I0081577
W-C-16631,I0081578
W-C-16632,I0081579
W-C-16633,I0081580
W-C-16634,I0081581
W-C-16635,I0081582
W-C-16636,I0081583
W-C-16637,I0081584
U-HC-13289,I0081585
U-HC-13280,I0081586
U-HC-13281,I0081587
W-C-16731,I0081588
W-C-16732,I0081589
W-C-16733,I0081590
W-C-16734,I0081591
W-C-16735,I0081592
W-C-16736,I0081593
W-C-16737,I0081594
W-C-16738,I0081595
W-C-16739,I0081596
W-C-16740,I0081597
W-C-16741,I0081598
W-C-16742,I0081599
W-C-16743,I0081600
W-C-16744,I0081601
W-C-16745,I0081602
W-C-16746,I0081603
W-C-16747,I0081604
W-C-16748,I0081605
W-C-16749,I0081606
W-C-16750,I0081607
W-C-16751,I0081608
W-C-16752,I0081609
W-C-16753,I0081610
W-C-16754,I0081611
W-C-16755,I0081612
W-C-16756,I0081613
W-C-16757,I0081614
W-C-16758,I0081615
W-C-16759,I0081616
W-C-16760,I0081617
W-C-16761,I0081618
W-C-16762,I0081619
W-C-16763,I0081620
W-C-16764,I0081621
W-C-16765,I0081622
W-C-16766,I0081623
W-C-16767,I0081624
W-C-16768,I0081625
W-C-16769,I0081626
W-C-16770,I0081627
W-C-16771,I0081628
W-C-16772,I0081629
W-C-16773,I0081630
W-C-16774,I0081631
W-C-16775,I0081632
W-C-16776,I0081633
W-C-16777,I0081634
W-C-16778,I0081635
W-C-16779,I0081636
W-C-16780,I0081637
W-C-16781,I0081638
W-C-16782,I0081639
W-C-16783,I0081640
W-C-16784,I0081641
W-C-16785,I0081642
W-C-16786,I0081643
W-C-16787,I0081644
W-C-16788,I0081645
W-C-16789,I0081646
W-C-16790,I0081647
W-C-16791,I0081648
W-C-16792,I0081649
W-C-16793,I0081650
W-C-16794,I0081651
W-C-16795,I0081652
W-C-16796,I0081653
W-C-16797,I0081654
W-C-16798,I0081655
W-C-16799,I0081656
W-C-16800,I0081657
W-C-16801,I0081658
W-C-16802,I0081659
W-C-16803,I0081660
W-C-16804,I0081661
W-C-16805,I0081662
W-C-16806,I0081663
W-C-16807,I0081664
W-C-16808,I0081665
W-C-16809,I0081666
W-C-16810,I0081667
W-C-16811,I0081668
W-C-16812,I0081669
W-C-16813,I0081670
M-HC-1491,I0081671
U-HC-13296,I0081672
W-GS-4427,I0081673
W-GS-4429,I0081674
W-GS-4428,I0081675
W-BB-3469,I0081676
U-SC-5461,I0081677
U-SC-5460,I0081678
U-5012,I0081679
U-5013,I0081680
U-5014,I0081681
U-5015,I0081682
U-HC-13297,I0081683
U-SC-5462,I0081684
W-BB-3468,I0081685
W-M-1765,I0081686
W-M-1766,I0081687
W-9677,I0081688
W-SC-4523,I0081689
W-SC-4521,I0081690
W-SC-4519,I0081691
W-SC-4520,I0081692
ACC-1672,I0081693
W-SC-4522,I0081694
ACC-1673,I0081695
M-HC-1492,I0081696
M-HC-1493,I0081697
U-HC-13295,I0081698
U-HC-13290,I0081699
U-HC-13291,I0081700
U-HC-13292,I0081701
U-HC-13293,I0081702
U-HC-13294,I0081703
U-BB-2997,I0081704
U-BB-2998,I0081705
M-HC-1494,I0081706
U-HC-13298,I0081707
U-HC-13299,I0081708
U-HC-13300,I0081709
U-HC-13301,I0081710
U-HC-13302,I0081711
U-HC-13303,I0081712
U-HC-13304,I0081713
U-HC-13305,I0081714
U-HC-13306,I0081715
U-HC-13307,I0081716
U-HC-13308,I0081717
U-HC-13309,I0081718
U-HC-13310,I0081719
U-HC-13311,I0081720
U-HC-13312,I0081721
U-HC-13313,I0081722
U-HC-13314,I0081723
U-HC-13315,I0081724
U-SC-5463,I0081725
U-SC-5464,I0081726
U-SC-5465,I0081727
U-SC-5466,I0081728
U-SC-5467,I0081729
W-9678,I0081730
W-9679,I0081731
W-BB-3470,I0081732
W-SC-4524,I0081733
W-SC-4525,I0081734
W-SC-4526,I0081735
W-SC-4527,I0081736
W-SC-4528,I0081737
W-SC-4533,I0081738
W-SC-4534,I0081739
W-SC-4535,I0081740
W-SC-4536,I0081741
W-SC-4537,I0081742
U-SC-5468,I0081743
U-SC-5469,I0081744
U-SC-5470,I0081745
U-SC-5471,I0081746
W-SC-4529,I0081747
W-SC-4530,I0081748
W-SC-4531,I0081749
W-SC-4532,I0081750
W-SC-4538,I0081751
W-SC-4539,I0081752
W-SC-4540,I0081753
ACC-1674,I0081754
U-BB-2999,I0081755
W-BB-3471,I0081756
W-BB-3472,I0081757
W-C-16856,I0081758
W-C-16814,I0081759
W-C-16815,I0081760
W-C-16816,I0081761
W-C-16817,I0081762
W-C-16818,I0081763
W-C-16819,I0081764
W-C-16851,I0081765
W-C-16845,I0081766
W-C-16846,I0081767
W-C-16847,I0081768
W-C-16820,I0081769
W-C-16821,I0081770
W-C-16822,I0081771
W-C-16823,I0081772
W-C-16852,I0081773
W-C-16855,I0081774
W-C-16848,I0081775
W-C-16849,I0081776
W-C-16850,I0081777
W-C-16824,I0081778
W-C-16853,I0081779
W-C-16854,I0081780
W-C-16825,I0081781
W-C-16826,I0081782
W-C-16827,I0081783
W-C-16828,I0081784
W-C-16829,I0081785
W-C-16830,I0081786
W-C-16831,I0081787
W-C-16832,I0081788
W-C-16833,I0081789
W-C-16834,I0081790
W-C-16835,I0081791
W-C-16839,I0081792
W-C-16840,I0081793
W-C-16841,I0081794
W-C-16842,I0081795
W-C-16843,I0081796
W-C-16844,I0081797
W-C-16836,I0081798
W-C-16837,I0081799
W-C-16838,I0081800
K-GS-2101,I0081801
K-GS-2103,I0081802
K-GS-2102,I0081803
K-GS-2100,I0081804
M-GS-3302,I0081805
W-GS-4430,I0081806
W-GS-4431,I0081807
U-HC-13316,I0081808
U-HC-13346,I0081809
W-HC-1484,I0081810
U-HC-13317,I0081811
U-HC-13318,I0081812
U-HC-13319,I0081813
U-HC-13320,I0081814
U-HC-13321,I0081815
U-HC-13322,I0081816
U-HC-13323,I0081817
U-HC-13324,I0081818
U-HC-13325,I0081819
U-HC-13326,I0081820
U-HC-13327,I0081821
U-HC-13328,I0081822
U-HC-13343,I0081823
U-HC-13344,I0081824
U-HC-13329,I0081825
U-HC-13349,I0081826
U-HC-13330,I0081827
U-HC-13331,I0081828
U-HC-13332,I0081829
U-HC-13333,I0081830
U-HC-13334,I0081831
U-HC-13335,I0081832
U-HC-13336,I0081833
U-HC-13337,I0081834
U-HC-13338,I0081835
U-HC-13339,I0081836
U-HC-13340,I0081837
U-HC-13341,I0081838
U-HC-13342,I0081839
U-HC-13347,I0081840
U-HC-13345,I0081841
W-HC-1483,I0081842
U-HC-13348,I0081843
M-HC-1495,I0081844
W-HC-1485,I0081845
M-HC-1496,I0081846
W-9680,I0081847
W-9682,I0081848
W-9683,I0081849
W-9684,I0081850
W-9685,I0081851
W-9686,I0081852
W-9687,I0081853
W-9688,I0081854
W-9689,I0081855
W-9690,I0081856
W-9691,I0081857
W-9692,I0081858
W-9693,I0081859
W-9694,I0081860
W-9695,I0081861
W-9696,I0081862
W-9697,I0081863
W-9698,I0081864
W-9699,I0081865
W-9700,I0081866
W-9701,I0081867
W-9702,I0081868
W-9703,I0081869
M-5611,I0081870
W-9681,I0081871
U-SC-5486,I0081872
W-SC-4541,I0081873
U-SC-5472,I0081874
U-SC-5473,I0081875
U-SC-5474,I0081876
W-SC-4542,I0081877
U-SC-5475,I0081878
U-SC-5483,I0081879
U-SC-5484,I0081880
W-SC-4543,I0081881
W-SC-4544,I0081882
U-SC-5476,I0081883
U-SC-5487,I0081884
U-SC-5488,I0081885
U-SC-5489,I0081886
U-SC-5490,I0081887
U-SC-5491,I0081888
U-SC-5492,I0081889
U-SC-5493,I0081890
U-SC-5494,I0081891
U-SC-5495,I0081892
U-SC-5496,I0081893
U-SC-5497,I0081894
U-SC-5498,I0081895
U-SC-5499,I0081896
U-SC-5500,I0081897
U-SC-5501,I0081898
U-SC-5502,I0081899
U-SC-5503,I0081900
U-SC-5504,I0081901
U-SC-5505,I0081902
U-SC-5506,I0081903
U-SC-5507,I0081904
U-SC-5508,I0081905
U-SC-5509,I0081906
U-SC-5510,I0081907
U-SC-5511,I0081908
U-SC-5512,I0081909
U-SC-5513,I0081910
U-SC-5514,I0081911
U-SC-5515,I0081912
U-SC-5516,I0081913
U-SC-5517,I0081914
U-SC-5518,I0081915
U-SC-5519,I0081916
U-SC-5520,I0081917
U-SC-5521,I0081918
U-SC-5522,I0081919
U-SC-5523,I0081920
U-SC-5524,I0081921
U-SC-5525,I0081922
U-SC-5526,I0081923
U-SC-5527,I0081924
U-SC-5528,I0081925
U-SC-5529,I0081926
U-SC-5530,I0081927
U-SC-5531,I0081928
U-SC-5532,I0081929
U-SC-5533,I0081930
U-SC-5534,I0081931
U-SC-5535,I0081932
U-SC-5536,I0081933
U-SC-5537,I0081934
U-SC-5538,I0081935
U-SC-5539,I0081936
U-SC-5540,I0081937
U-SC-5541,I0081938
U-SC-5542,I0081939
U-SC-5543,I0081940
U-SC-5544,I0081941
U-SC-5545,I0081942
W-SC-4557,I0081943
W-SC-4558,I0081944
U-SC-5485,I0081945
W-SC-4556,I0081946
W-SC-4555,I0081947
U-SC-5477,I0081948
U-SC-5546,I0081949
W-SC-4552,I0081950
U-SC-5478,I0081951
U-SC-5479,I0081952
U-SC-5480,I0081953
U-SC-5481,I0081954
W-SC-4545,I0081955
W-SC-4553,I0081956
W-SC-4546,I0081957
W-SC-4547,I0081958
W-SC-4548,I0081959
W-SC-4549,I0081960
W-SC-4550,I0081961
W-SC-4551,I0081962
U-SC-5482,I0081963
W-SC-4554,I0081964
M-T-2413,I0081965
W-T-3148,I0081966
W-T-3149,I0081967
W-T-3150,I0081968
ACC-1675,I0081969
K-4324,I0081970
K-BB-1121,I0081971
K-GS-2104,I0081972
K-GS-2105,I0081973
M-5612,I0081974
M-5613,I0081975
M-5614,I0081976
M-5615,I0081977
M-5616,I0081978
M-5617,I0081979
M-5618,I0081980
M-5619,I0081981
M-BB-3077,I0081982
M-BB-3078,I0081983
M-BB-3079,I0081984
M-BB-3080,I0081985
M-BB-3081,I0081986
M-BB-3082,I0081987
M-BB-3083,I0081988
M-BB-3084,I0081989
M-BB-3085,I0081990
M-BB-3086,I0081991
M-BB-3087,I0081992
M-BB-3088,I0081993
M-BB-3089,I0081994
M-GS-3303,I0081995
M-GS-3304,I0081996
M-GS-3305,I0081997
M-GS-3306,I0081998
M-HC-1497,I0081999
M-HC-1498,I0082000
M-HC-1499,I0082001
M-HC-1500,I0082002
M-HC-1501,I0082003
M-HC-1502,I0082004
M-HC-1503,I0082005
M-HC-1504,I0082006
M-M-1350,I0082007
M-M-1351,I0082008
M-M-1352,I0082009
M-SC-1302,I0082010
M-SC-1303,I0082011
U-5016,I0082012
U-5017,I0082013
U-BB-3000,I0082014
U-BB-3001,I0082015
U-BB-3002,I0082016
U-BB-3003,I0082017
U-BB-3004,I0082018
U-HA-1059,I0082019
U-HA-1060,I0082020
U-HC-13350,I0082021
U-HC-13351,I0082022
U-HC-13352,I0082023
U-HC-13353,I0082024
U-HC-13354,I0082025
U-HC-13355,I0082026
U-HC-13356,I0082027
U-HC-13357,I0082028
U-HC-13358,I0082029
U-HC-13359,I0082030
U-HC-13360,I0082031
U-HC-13361,I0082032
U-HC-13362,I0082033
U-HC-13363,I0082034
U-HC-13364,I0082035
U-HC-13365,I0082036
U-HC-13366,I0082037
U-HC-13367,I0082038
U-HC-13368,I0082039
U-HC-13369,I0082040
U-HC-13370,I0082041
U-HC-13371,I0082042
U-HC-13372,I0082043
U-HC-13373,I0082044
U-HC-13374,I0082045
U-HC-13375,I0082046
U-HC-13376,I0082047
U-HC-13377,I0082048
U-HC-13378,I0082049
U-HC-13379,I0082050
U-HC-13380,I0082051
U-HC-13381,I0082052
U-HC-13382,I0082053
U-HC-13383,I0082054
U-HC-13384,I0082055
U-SC-5547,I0082056
U-SC-5548,I0082057
U-SC-5549,I0082058
U-SC-5550,I0082059
U-SC-5551,I0082060
U-SC-5552,I0082061
U-SC-5553,I0082062
U-SC-5554,I0082063
W-9704,I0082064
W-9705,I0082065
W-9706,I0082066
W-9707,I0082067
W-9708,I0082068
W-9709,I0082069
W-9710,I0082070
W-9711,I0082071
W-9712,I0082072
W-9713,I0082073
W-9714,I0082074
W-9715,I0082075
W-9716,I0082076
W-9717,I0082077
W-9718,I0082078
W-9719,I0082079
W-9720,I0082080
W-9721,I0082081
W-9722,I0082082
W-9723,I0082083
W-9724,I0082084
W-9725,I0082085
W-9726,I0082086
W-9727,I0082087
W-9728,I0082088
W-9729,I0082089
W-9730,I0082090
W-9731,I0082091
W-9732,I0082092
W-9733,I0082093
W-9734,I0082094
W-9735,I0082095
W-9736,I0082096
W-9737,I0082097
W-9738,I0082098
W-9739,I0082099
W-9740,I0082100
W-BB-3473,I0082101
W-BB-3474,I0082102
W-BB-3475,I0082103
W-BB-3476,I0082104
W-BB-3477,I0082105
W-BB-3478,I0082106
W-BB-3479,I0082107
W-BB-3480,I0082108
W-BB-3481,I0082109
W-BB-3482,I0082110
W-BG-1278,I0082111
W-C-16857,I0082112
W-C-16858,I0082113
W-C-16859,I0082114
W-C-16860,I0082115
W-C-16861,I0082116
W-C-16862,I0082117
W-C-16863,I0082118
W-C-16864,I0082119
W-C-16865,I0082120
W-C-16866,I0082121
W-C-16867,I0082122
W-C-16868,I0082123
W-C-16869,I0082124
W-C-16870,I0082125
W-C-16871,I0082126
W-C-16872,I0082127
W-C-16873,I0082128
W-C-16874,I0082129
W-C-16875,I0082130
W-C-16876,I0082131
W-C-16877,I0082132
W-C-16878,I0082133
W-C-16879,I0082134
W-C-16880,I0082135
W-C-16881,I0082136
W-C-16882,I0082137
W-C-16883,I0082138
W-C-16884,I0082139
W-C-16885,I0082140
W-C-16886,I0082141
W-C-16887,I0082142
W-C-16888,I0082143
W-C-16889,I0082144
W-C-16890,I0082145
W-C-16891,I0082146
W-C-16892,I0082147
W-C-16893,I0082148
W-C-16894,I0082149
W-C-16895,I0082150
W-C-16896,I0082151
W-C-16897,I0082152
W-C-16898,I0082153
W-C-16899,I0082154
W-C-16900,I0082155
W-C-16901,I0082156
W-C-16902,I0082157
W-C-16903,I0082158
W-C-16904,I0082159
W-C-16905,I0082160
W-C-16906,I0082161
W-C-16907,I0082162
W-C-16908,I0082163
W-C-16909,I0082164
W-C-16910,I0082165
W-C-16911,I0082166
W-C-16912,I0082167
W-C-16913,I0082168
W-C-16914,I0082169
W-C-16915,I0082170
W-C-16916,I0082171
W-C-16917,I0082172
W-GS-4432,I0082173
W-GS-4433,I0082174
W-GS-4434,I0082175
W-GS-4435,I0082176
W-GS-4436,I0082177
W-GS-4437,I0082178
W-GS-4438,I0082179
W-GS-4439,I0082180
W-GS-4440,I0082181
W-GS-4441,I0082182
W-GS-4442,I0082183
W-GS-4443,I0082184
W-HC-1486,I0082185
W-M-1767,I0082186
W-M-1768,I0082187
W-M-1769,I0082188
W-M-1770,I0082189
W-M-1771,I0082190
W-SC-4559,I0082191
W-SC-4560,I0082192
W-SC-4561,I0082193
W-SC-4562,I0082194
W-SC-4563,I0082195
W-SC-4564,I0082196
W-SC-4565,I0082197
W-SC-4566,I0082198
W-SC-4567,I0082199
W-SC-4568,I0082200
W-SC-4569,I0082201
W-SC-4570,I0082202
W-SC-4571,I0082203
W-SC-4572,I0082204
W-SC-4573,I0082205
W-SC-4574,I0082206
W-SC-4575,I0082207
W-SC-4576,I0082208
W-SC-4577,I0082209
W-SC-4578,I0082210
W-SC-4579,I0082211
W-SC-4580,I0082212
W-SC-4581,I0082213
W-SC-4582,I0082214
W-SC-4583,I0082215
W-T-3151,I0082216
ACC-1676,I0082217
ACC-1677,I0082218
ACC-1678,I0082219
M-BB-3090,I0082220
W-BB-3483,I0082221
W-BB-3484,I0082222
W-BB-3485,I0082223
W-C-16918,I0082224
W-C-16919,I0082225
W-C-16920,I0082226
W-C-16921,I0082227
W-C-16922,I0082228
W-C-16924,I0082229
W-C-16925,I0082230
W-C-16926,I0082231
W-C-16927,I0082232
W-C-16928,I0082233
W-C-16929,I0082234
W-C-16930,I0082235
W-C-16931,I0082236
W-C-16932,I0082237
W-C-16933,I0082238
W-C-16934,I0082239
W-C-16935,I0082240
W-C-16936,I0082241
W-C-16937,I0082242
W-C-16938,I0082243
W-C-16939,I0082244
W-C-16940,I0082245
W-C-16941,I0082246
W-C-16942,I0082247
W-C-16943,I0082248
W-C-16944,I0082249
W-C-16945,I0082250
W-C-16946,I0082251
W-C-16947,I0082252
W-C-16948,I0082253
W-C-16949,I0082254
W-C-16950,I0082255
W-C-16951,I0082256
W-C-16952,I0082257
W-C-16953,I0082258
W-C-16954,I0082259
W-C-16955,I0082260
W-C-16956,I0082261
W-C-16957,I0082262
W-C-16958,I0082263
W-C-16959,I0082264
W-C-16960,I0082265
W-C-16961,I0082266
W-C-16962,I0082267
W-C-16963,I0082268
W-C-16964,I0082269
W-C-16965,I0082270
W-C-16966,I0082271
W-C-16967,I0082272
W-C-16968,I0082273
W-C-16969,I0082274
W-C-16970,I0082275
W-C-16971,I0082276
W-C-16972,I0082277
W-C-16973,I0082278
W-C-16974,I0082279
W-C-16975,I0082280
W-C-16976,I0082281
W-C-16977,I0082282
W-C-16978,I0082283
W-C-16979,I0082284
W-C-16980,I0082285
W-C-16981,I0082286
W-C-16982,I0082287
W-C-16983,I0082288
W-C-16984,I0082289
W-C-16985,I0082290
W-C-16986,I0082291
W-C-16987,I0082292
W-C-16988,I0082293
W-C-16989,I0082294
W-C-16990,I0082295
W-C-16991,I0082296
W-C-16992,I0082297
W-C-16993,I0082298
W-C-16994,I0082299
W-C-16995,I0082300
W-C-16996,I0082301
W-C-16997,I0082302
W-C-16998,I0082303
W-C-16999,I0082304
W-C-17000,I0082305
W-C-17001,I0082306
W-C-17002,I0082307
W-C-17003,I0082308
W-C-17004,I0082309
W-C-17005,I0082310
W-C-17006,I0082311
W-C-17007,I0082312
W-C-17008,I0082313
W-C-17009,I0082314
W-C-17010,I0082315
W-C-17011,I0082316
W-C-17012,I0082317
W-C-17013,I0082318
W-C-17014,I0082319
W-C-17015,I0082320
W-C-17016,I0082321
W-C-17017,I0082322
W-C-17018,I0082323
W-C-17019,I0082324
W-C-17020,I0082325
W-C-17021,I0082326
W-C-17022,I0082327
W-C-17023,I0082328
W-C-17024,I0082329
W-C-17025,I0082330
W-C-17026,I0082331
W-C-17027,I0082332
W-C-17028,I0082333
W-C-17029,I0082334
W-C-17030,I0082335
W-C-17031,I0082336
W-C-17032,I0082337
W-C-17033,I0082338
W-C-17034,I0082339
W-C-17035,I0082340
W-C-17036,I0082341
W-C-17037,I0082342
W-C-17038,I0082343
W-C-17039,I0082344
W-C-17040,I0082345
W-C-17041,I0082346
W-C-17042,I0082347
W-C-17043,I0082348
W-C-17044,I0082349
W-C-17045,I0082350
W-C-17046,I0082351
W-C-17047,I0082352
W-C-17048,I0082353
W-C-17049,I0082354
W-C-17050,I0082355
W-C-17051,I0082356
W-C-17052,I0082357
W-C-17053,I0082358
W-C-17054,I0082359
W-C-17055,I0082360
W-C-17056,I0082361
W-C-17057,I0082362
W-C-17058,I0082363
W-C-17059,I0082364
W-C-17060,I0082365
W-C-17061,I0082366
W-C-17062,I0082367
W-C-17063,I0082368
W-C-17064,I0082369
W-C-17065,I0082370
W-C-17066,I0082371
W-C-17067,I0082372
W-C-17068,I0082373
W-C-17069,I0082374
W-C-17070,I0082375
W-C-17071,I0082376
W-C-17072,I0082377
W-C-17073,I0082378
W-C-17074,I0082379
W-C-17075,I0082380
W-C-17076,I0082381
W-C-17077,I0082382
W-C-17078,I0082383
W-C-17079,I0082384
W-C-17080,I0082385
W-C-17081,I0082386
W-C-17082,I0082387
W-C-17083,I0082388
W-C-17084,I0082389
W-C-17085,I0082390
W-C-17086,I0082391
W-C-17087,I0082392
W-C-17088,I0082393
W-C-17089,I0082394
W-C-17090,I0082395
W-C-17091,I0082396
W-C-17092,I0082397
W-C-17093,I0082398
W-C-17094,I0082399
W-C-17095,I0082400
W-C-17096,I0082401
W-C-17097,I0082402
W-C-17098,I0082403
W-C-17099,I0082404
W-C-17100,I0082405
W-C-17101,I0082406
W-C-17102,I0082407
W-C-17103,I0082408
W-C-17104,I0082409
W-C-17105,I0082410
W-C-17106,I0082411
W-C-17107,I0082412
W-C-17108,I0082413
W-C-17109,I0082414
W-C-17110,I0082415
W-C-17111,I0082416
W-C-17112,I0082417
W-C-17113,I0082418
W-C-17114,I0082419
W-C-17115,I0082420
W-C-17116,I0082421
W-C-17117,I0082422
W-C-17118,I0082423
W-C-17119,I0082424
W-C-17120,I0082425
W-C-17121,I0082426
W-C-17122,I0082427
W-C-17123,I0082428
W-C-17124,I0082429
W-C-17125,I0082430
W-C-17126,I0082431
W-C-17127,I0082432
W-C-17128,I0082433
W-C-17129,I0082434
W-C-17130,I0082435
W-C-17131,I0082436
W-C-17132,I0082437
W-C-17133,I0082438
W-C-17134,I0082439
W-C-17135,I0082440
W-C-17136,I0082441
W-C-17137,I0082442
W-C-17138,I0082443
W-C-17139,I0082444
W-C-17140,I0082445
W-C-17141,I0082446
W-C-17142,I0082447
W-C-17143,I0082448
W-C-17144,I0082449
W-C-17145,I0082450
W-C-17146,I0082451
W-C-17147,I0082452
W-C-17148,I0082453
W-C-17149,I0082454
W-C-17150,I0082455
W-C-17151,I0082456
W-C-17152,I0082457
W-C-17153,I0082458
W-C-17154,I0082459
W-C-17155,I0082460
W-C-17156,I0082461
W-C-17157,I0082462
W-C-17158,I0082463
W-C-17159,I0082464
W-C-17160,I0082465
W-C-17161,I0082466
W-C-17162,I0082467
W-C-17163,I0082468
W-C-17164,I0082469
W-C-17165,I0082470
W-C-17166,I0082471
W-C-17167,I0082472
W-C-17168,I0082473
W-C-17169,I0082474
W-C-17170,I0082475
W-C-17171,I0082476
W-C-17172,I0082477
W-C-17173,I0082478
W-C-17174,I0082479
W-C-17175,I0082480
W-C-17176,I0082481
W-C-17177,I0082482
W-C-17178,I0082483
W-C-17179,I0082484
W-C-17180,I0082485
W-C-17181,I0082486
W-C-17182,I0082487
W-C-17183,I0082488
W-C-17184,I0082489
W-C-17185,I0082490
W-C-17186,I0082491
W-C-17187,I0082492
W-C-17188,I0082493
W-C-17189,I0082494
W-C-17190,I0082495
W-C-17191,I0082496
U-HC-13385,I0082497
U-HC-13386,I0082498
U-HC-13387,I0082499
U-HC-13388,I0082500
U-HC-13389,I0082501
U-HC-13390,I0082502
U-HC-13391,I0082503
U-HC-13392,I0082504
U-HC-13393,I0082505
U-HC-13394,I0082506
U-HC-13395,I0082507
U-HC-13396,I0082508
U-HC-13397,I0082509
U-HC-13398,I0082510
U-HC-13399,I0082511
U-HC-13400,I0082512
U-HC-13401,I0082513
U-HC-13402,I0082514
U-HC-13403,I0082515
U-HC-13404,I0082516
U-HC-13405,I0082517
U-HC-13406,I0082518
U-HC-13407,I0082519
U-HC-13408,I0082520
U-HC-13409,I0082521
U-HC-13410,I0082522
U-HC-13411,I0082523
U-HC-13412,I0082524
U-HC-13413,I0082525
U-HC-13414,I0082526
U-HC-13415,I0082527
U-HC-13416,I0082528
W-9741,I0082529
W-9742,I0082530
W-9743,I0082531
M-SC-1304,I0082532
U-SC-5555,I0082533
U-SC-5556,I0082534
U-SC-5557,I0082535
U-SC-5558,I0082536
U-SC-5559,I0082537
U-SC-5560,I0082538
U-SC-5561,I0082539
U-SC-5562,I0082540
W-SC-4584,I0082541
W-SC-4585,I0082542
W-SC-4586,I0082543
W-SC-4587,I0082544
W-SC-4588,I0082545
W-SC-4589,I0082546
W-SC-4590,I0082547
W-SC-4591,I0082548
W-SC-4592,I0082549
W-SC-4593,I0082550
W-SC-4594,I0082551
W-SC-4595,I0082552
W-SC-4596,I0082553
W-SC-4597,I0082554
W-SC-4598,I0082555
W-SC-4599,I0082556
W-SC-4600,I0082557
W-SC-4601,I0082558
W-SC-4602,I0082559
W-SC-4603,I0082560
W-SC-4604,I0082561
W-SC-4605,I0082562
W-SC-4606,I0082563
W-SC-4607,I0082564
W-SC-4608,I0082565
W-SC-4609,I0082566
W-SC-4610,I0082567
W-SC-4611,I0082568
W-SC-4612,I0082569
W-SC-4613,I0082570
W-SC-4614,I0082571
W-SC-4615,I0082572
M-U-1569,I0082573
W-T-3153,I0082574
U-SC-5571,I0082575
M-SC-1305,I0082576
W-T-3152,I0082577
M-T-2414,I0082578
M-T-2415,I0082579
W-SC-4640,I0082580
W-C-17193,I0082581
W-SC-4618,I0082582
W-C-17192,I0082583
W-C-17197,I0082584
W-C-17198,I0082585
W-C-17195,I0082586
W-C-17196,I0082587
U-SC-5569,I0082588
U-HC-13442,I0082589
U-SC-5563,I0082590
U-SC-5564,I0082591
W-C-17199,I0082592
W-C-17200,I0082593
W-SC-4631,I0082594
W-SC-4637,I0082595
W-SC-4625,I0082596
U-HC-13432,I0082597
U-HC-13433,I0082598
U-HC-13434,I0082599
U-HC-13435,I0082600
M-M-1353,I0082601
W-SC-4626,I0082602
W-SC-4645,I0082603
U-SC-5568,I0082604
U-HC-13417,I0082605
U-HC-13418,I0082606
U-HC-13419,I0082607
U-HC-13420,I0082608
U-HC-13421,I0082609
U-HC-13422,I0082610
U-HC-13423,I0082611
U-HC-13424,I0082612
U-HC-13425,I0082613
U-HC-13426,I0082614
U-HC-13427,I0082615
U-HC-13428,I0082616
U-HC-13429,I0082617
U-HC-13430,I0082618
U-HC-13431,I0082619
ACC-1679,I0082620
U-SC-5570,I0082621
W-SC-4619,I0082622
W-BB-3487,I0082623
W-SC-4639,I0082624
W-SC-4638,I0082625
W-SC-4641,I0082626
W-C-17194,I0082627
W-SC-4627,I0082628
U-HC-13436,I0082629
U-SC-5566,I0082630
W-SC-4636,I0082631
W-BB-3486,I0082632
U-HC-13440,I0082633
U-SC-5573,I0082634
W-SC-4635,I0082635
W-BB-3489,I0082636
W-SC-4630,I0082637
U-HC-13441,I0082638
U-SC-5576,I0082639
W-9749,I0082640
U-SC-5567,I0082641
W-SC-4634,I0082642
W-9751,I0082643
W-SC-4624,I0082644
W-SC-4628,I0082645
W-SC-4629,I0082646
W-SC-4632,I0082647
U-5023,I0082648
U-5020,I0082649
W-SC-4644,I0082650
U-SC-5585,I0082651
W-9752,I0082652
W-BB-3490,I0082653
U-5021,I0082654
M-5620,I0082655
U-5019,I0082656
U-5022,I0082657
W-SC-4617,I0082658
U-HC-13437,I0082659
U-HC-13438,I0082660
U-SC-5581,I0082661
U-SC-5586,I0082662
W-9757,I0082663
K-SC-1087,I0082664
U-SC-5578,I0082665
U-SC-5579,I0082666
W-9756,I0082667
U-SC-5577,I0082668
U-SC-5580,I0082669
U-SC-5584,I0082670
M-5622,I0082671
U-BB-3006,I0082672
U-BB-3007,I0082673
U-BB-3008,I0082674
U-BB-3010,I0082675
W-9753,I0082676
W-SC-4616,I0082677
W-SC-4620,I0082678
U-SC-5572,I0082679
U-SC-5583,I0082680
U-BB-3009,I0082681
U-SC-5565,I0082682
W-9748,I0082683
U-SC-5574,I0082684
U-SC-5575,I0082685
W-9754,I0082686
W-SC-4633,I0082687
M-5623,I0082688
W-9755,I0082689
W-9750,I0082690
W-SC-4643,I0082691
M-5621,I0082692
U-SC-5582,I0082693
U-5018,I0082694
U-HC-13439,I0082695
ACC-1680,I0082696
W-SC-4642,I0082697
M-BB-3091,I0082698
M-GS-3309,I0082699
W-9744,I0082700
W-9745,I0082701
U-BB-3005,I0082702
W-9746,I0082703
W-9747,I0082704
W-SC-4621,I0082705
W-SC-4623,I0082706
W-SC-4622,I0082707
M-GS-3307,I0082708
M-GS-3308,I0082709
W-BB-3488,I0082710
W-GS-4444,I0082711
W-GS-4445,I0082713
M-GS-3310,I0082714
M-GS-3311,I0082715
M-GS-3312,I0082716
M-GS-3313,I0082717
W-GS-4446,I0082718
W-GS-4447,I0082719
M-GS-3314,I0082720
M-GS-3315,I0082721
W-SC-4649,I0082723
M-GS-3316,I0082724
M-GS-3317,I0082725
M-BB-3092,I0082726
ACC-1683,I0082727
ACC-1684,I0082728
W-BB-3491,I0082729
K-BB-1122,I0082730
K-BB-1123,I0082731
K-BB-1124,I0082732
K-BB-1125,I0082733
M-BB-3093,I0082734
W-SC-4646,I0082735
W-SC-4650,I0082736
W-SC-4651,I0082737
W-SC-4663,I0082738
W-SC-4662,I0082739
U-HC-13443,I0082740
U-HC-13457,I0082741
U-HC-13458,I0082742
U-HC-13451,I0082743
U-HC-13450,I0082744
U-HC-13455,I0082745
U-HC-13456,I0082746
M-HC-1506,I0082747
U-HC-13444,I0082748
U-SC-5587,I0082749
W-SC-4672,I0082750
U-SC-5593,I0082751
U-HC-13445,I0082752
U-HC-13446,I0082753
U-HC-13447,I0082754
U-HC-13448,I0082755
W-SC-4652,I0082756
W-SC-4653,I0082757
U-HC-13452,I0082758
W-HC-1487,I0082759
W-9760,I0082760
W-9758,I0082761
W-9759,I0082762
W-9762,I0082763
W-9761,I0082764
M-5624,I0082765
W-9763,I0082766
U-5024,I0082767
U-5025,I0082768
M-5625,I0082769
M-5626,I0082770
W-SC-4658,I0082771
W-C-17208,I0082772
W-C-17211,I0082773
W-C-17209,I0082774
W-C-17210,I0082775
W-C-17213,I0082776
W-C-17214,I0082777
W-C-17215,I0082778
W-C-17216,I0082779
W-C-17217,I0082780
W-C-17219,I0082781
W-C-17220,I0082782
W-C-17218,I0082783
W-HC-1488,I0082784
W-HC-1489,I0082785
W-HC-1490,I0082786
U-HC-13449,I0082787
U-HC-13459,I0082788
U-C-1278,I0082789
U-C-1279,I0082790
U-C-1280,I0082791
U-C-1281,I0082792
U-C-1282,I0082793
U-C-1283,I0082794
U-C-1284,I0082795
U-C-1286,I0082796
U-C-1287,I0082797
U-C-1294,I0082798
W-C-17201,I0082799
U-C-1291,I0082800
U-C-1292,I0082801
U-C-1293,I0082802
U-C-1296,I0082803
U-C-1288,I0082804
U-C-1289,I0082805
U-C-1290,I0082806
U-C-1295,I0082807
W-SC-4659,I0082808
W-C-17202,I0082809
W-C-17203,I0082810
W-C-17204,I0082811
W-C-17205,I0082812
W-C-17206,I0082813
W-C-17207,I0082814
W-C-17230,I0082815
W-C-17231,I0082816
W-C-17232,I0082817
W-C-17233,I0082818
W-C-17234,I0082819
W-C-17235,I0082820
W-C-17236,I0082821
W-C-17221,I0082822
W-C-17222,I0082823
W-C-17223,I0082824
W-C-17224,I0082825
W-C-17225,I0082826
W-C-17226,I0082827
W-C-17227,I0082828
W-C-17228,I0082829
W-C-17229,I0082830
W-SC-4654,I0082831
ACC-1682,I0082832
W-SC-4665,I0082833
W-C-17212,I0082834
W-C-17237,I0082835
U-SC-5591,I0082836
U-SC-5592,I0082837
W-SC-4655,I0082838
W-C-17238,I0082839
W-SC-4647,I0082840
U-SC-5594,I0082841
W-C-17239,I0082842
W-SC-4666,I0082843
W-SC-4667,I0082844
W-SC-4669,I0082845
W-SC-4670,I0082846
W-SC-4668,I0082847
ACC-1681,I0082848
W-M-1773,I0082849
W-M-1772,I0082850
U-BB-3011,I0082851
U-SC-5588,I0082852
U-HC-13460,I0082853
U-HC-13453,I0082854
U-HC-13454,I0082855
U-HC-13461,I0082856
M-HC-1507,I0082857
M-HC-1505,I0082858
M-HC-1508,I0082859
W-SC-4656,I0082860
W-SC-4657,I0082861
U-HA-1061,I0082862
W-SC-4660,I0082863
W-SC-4661,I0082864
U-SC-5589,I0082865
U-SC-5590,I0082866
U-HC-13462,I0082867
W-SC-4671,I0082868
U-C-1297,I0082869
U-SC-5595,I0082870
U-SC-5596,I0082871
U-SC-5597,I0082872
U-SC-5598,I0082873
U-SC-5599,I0082874
U-SC-5600,I0082875
U-SC-5601,I0082876
W-C-17240,I0082877
W-C-17241,I0082878
W-C-17242,I0082879
W-C-17243,I0082880
W-C-17244,I0082881
W-C-17245,I0082882
W-C-17246,I0082883
W-C-17247,I0082884
W-C-17248,I0082885
W-C-17249,I0082886
W-C-17250,I0082887
W-C-17251,I0082888
W-C-17252,I0082889
W-C-17253,I0082890
W-C-17254,I0082891
W-C-17255,I0082892
W-C-17256,I0082893
W-C-17257,I0082894
W-C-17258,I0082895
W-C-17259,I0082896
W-C-17260,I0082897
W-C-17261,I0082898
W-C-17262,I0082899
W-C-17263,I0082900
W-C-17264,I0082901
W-C-17265,I0082902
W-C-17266,I0082903
W-C-17267,I0082904
W-C-17268,I0082905
W-C-17269,I0082906
W-C-17270,I0082907
W-C-17271,I0082908
W-C-17272,I0082909
W-C-17273,I0082910
W-C-17274,I0082911
W-C-17275,I0082912
W-C-17276,I0082913
W-C-17277,I0082914
W-C-17278,I0082915
W-C-17279,I0082916
W-C-17280,I0082917
W-C-17281,I0082918
W-C-17282,I0082919
W-C-17283,I0082920
W-C-17284,I0082921
W-C-17285,I0082922
W-C-17286,I0082923
W-C-17287,I0082924
W-C-17288,I0082925
W-C-17289,I0082926
W-C-17290,I0082927
W-C-17291,I0082928
W-C-17292,I0082929
M-BB-3094,I0082930
M-HC-1509,I0082931
M-T-2416,I0082932
M-T-2417,I0082933
U-BB-3012,I0082934
U-BB-3013,I0082935
U-HC-13463,I0082936
U-HC-13464,I0082937
U-SC-5602,I0082938
U-SC-5603,I0082939
W-9764,I0082940
W-C-17293,I0082941
W-C-17294,I0082942
W-C-17295,I0082943
W-C-17296,I0082944
W-C-17297,I0082945
W-C-17298,I0082946
W-C-17299,I0082947
W-C-17300,I0082948
W-C-17301,I0082949
W-C-17302,I0082950
W-C-17303,I0082951
W-C-17304,I0082952
W-C-17305,I0082953
W-C-17306,I0082954
W-C-17307,I0082955
W-C-17308,I0082956
W-C-17309,I0082957
W-C-17310,I0082958
W-C-17311,I0082959
W-C-17312,I0082960
W-C-17313,I0082961
W-C-17314,I0082962
W-C-17315,I0082963
W-T-3154,I0082964
W-T-3155,I0082965
ACC-1685,I0082966
C-91818,I0082967
C-91819,I0082968
C-91820,I0082969
C-91821,I0082970
C-91822,I0082971
C-91823,I0082972
C-91824,I0082973
C-91825,I0082974
C-91826,I0082975
K-HC-1120,I0082976
K-HC-1121,I0082977
K-T-1048,I0082978
M-5627,I0082979
M-BB-3095,I0082980
M-BB-3096,I0082981
M-BB-3097,I0082982
M-BB-3098,I0082983
M-BB-3099,I0082984
M-BG-1012,I0082985
M-HC-1510,I0082986
M-HC-1511,I0082987
M-M-1354,I0082988
M-M-1355,I0082989
M-T-2418,I0082990
M-T-2419,I0082991
M-T-2420,I0082992
M-T-2421,I0082993
M-T-2422,I0082994
M-T-2423,I0082995
M-U-1570,I0082996
M-U-1571,I0082997
M-U-1572,I0082998
M-U-1573,I0082999
U-5026,I0083000
U-BB-3014,I0083001
U-HA-1062,I0083002
U-HA-1063,I0083003
U-HA-1064,I0083004
U-HA-1065,I0083005
U-HA-1066,I0083006
U-HC-13465,I0083007
U-HC-13466,I0083008
U-HC-13467,I0083009
U-HC-13468,I0083010
U-HC-13469,I0083011
U-HC-13470,I0083012
U-HC-13471,I0083013
U-HC-13472,I0083014
U-HC-13473,I0083015
U-HC-13474,I0083016
U-HC-13475,I0083017
U-HC-13476,I0083018
U-HC-13477,I0083019
U-HC-13478,I0083020
U-SC-5604,I0083021
U-SC-5605,I0083022
U-U-1031,I0083023
W-9765,I0083024
W-9766,I0083025
W-BB-3492,I0083026
W-C-17316,I0083027
W-C-17317,I0083028
W-C-17318,I0083029
W-C-17319,I0083030
W-C-17320,I0083031
W-C-17321,I0083032
W-C-17322,I0083033
W-C-17323,I0083034
W-C-17324,I0083035
W-C-17325,I0083036
W-C-17326,I0083037
W-C-17327,I0083038
W-C-17328,I0083039
W-C-17329,I0083040
W-C-17330,I0083041
W-C-17331,I0083042
W-C-17332,I0083043
W-C-17333,I0083044
W-C-17334,I0083045
W-C-17335,I0083046
W-C-17336,I0083047
W-C-17337,I0083048
W-C-17338,I0083049
W-C-17339,I0083050
W-C-17340,I0083051
W-C-17341,I0083052
W-C-17342,I0083053
W-C-17343,I0083054
W-C-17344,I0083055
W-C-17345,I0083056
W-C-17346,I0083057
W-C-17347,I0083058
W-C-17348,I0083059
W-C-17349,I0083060
W-C-17350,I0083061
W-C-17351,I0083062
W-C-17352,I0083063
W-C-17353,I0083064
W-C-17354,I0083065
W-C-17355,I0083066
W-C-17356,I0083067
W-C-17357,I0083068
W-C-17358,I0083069
W-C-17359,I0083070
W-C-17360,I0083071
W-C-17361,I0083072
W-C-17362,I0083073
W-C-17363,I0083074
W-C-17364,I0083075
W-C-17365,I0083076
W-C-17366,I0083077
W-C-17367,I0083078
W-C-17368,I0083079
W-C-17369,I0083080
W-C-17370,I0083081
W-C-17371,I0083082
W-C-17372,I0083083
W-C-17373,I0083084
W-C-17374,I0083085
W-GS-4448,I0083086
W-GS-4449,I0083087
W-M-1774,I0083088
W-M-1775,I0083089
W-SC-4673,I0083090
W-SC-4674,I0083091
W-SC-4675,I0083092
W-SC-4676,I0083093
W-SG-5211,I0083094
W-SG-5212,I0083095
W-SG-5213,I0083096
W-SG-5214,I0083097
W-SG-5215,I0083098
W-SG-5216,I0083099
W-T-3156,I0083100
W-T-3157,I0083101
W-T-3158,I0083102
W-T-3159,I0083103
W-T-3160,I0083104
W-T-3161,I0083105
W-T-3162,I0083106
W-T-3163,I0083107
W-T-3164,I0083108
W-T-3165,I0083109
W-U-1889,I0083110
W-U-1890,I0083111
W-U-1891,I0083112
W-U-1892,I0083113
W-U-1893,I0083114
W-U-1894,I0083115
W-U-1895,I0083116
W-U-1896,I0083117
W-U-1897,I0083118
W-U-1898,I0083119
W-U-1899,I0083120
abc-123,I0084093
